match_id,date,time,team_name,home_away,Player,Age,Min,SoTAttmp,GA,Saves,Save%,PSxG,LaunchCmp,LaunchAttmp,LaunchCmp%,PassAtt,PassThrow,PassLaunch%,PassAvgLen,GKAtt,GKLaunch%,GKAvgLen,CrossOpp,CrossStp,CrossStp%,Sweeper#OPA,SweeperAvgDist
027b11df,"Friday June 18, 2021",20:00,England,h,Jordan Pickford,27-103,90,1,0,1,100.0,0.1,9,17,52.9,25,8,56.0,41.7,7,42.9,36.7,10,0,0.0,2,14.4
027b11df,"Friday June 18, 2021",20:00,Scotland ,a,David Marshall,36-105,90,1,0,1,100.0,0.0,13,26,50.0,21,2,76.2,55.4,10,100.0,69.3,5,0,0.0,0,11.0
0305e42c,"Tuesday June 22, 2021",20:00,Croatia,h,Dominik Livaković,26-164,90,3,1,2,66.7,1.7,3,6,50.0,15,6,26.7,28.1,7,28.6,28.6,12,1,8.3,0,6.1
0305e42c,"Tuesday June 22, 2021",20:00,Scotland ,a,David Marshall,36-109,90,7,3,4,57.1,2.5,8,24,33.3,32,3,62.5,46.8,4,100.0,67.8,7,0,0.0,2,14.5
04188c5c,"Monday June 21, 2021",21:00,Russia,h,Matvei Safonov,22-116,90,9,4,5,55.6,3.1,14,21,66.7,20,6,85.0,52.0,6,66.7,55.7,12,1,8.3,1,12.1
04188c5c,"Monday June 21, 2021",21:00,Denmark ,a,Kasper Schmeichel,34-228,90,1,1,1,100.0,1.0,8,22,36.4,27,2,66.7,46.1,6,66.7,49.3,4,0,0.0,0,21.0
0e9919a5,"Sunday June 13, 2021",21:00,Netherlands,h,Maarten Stekelenburg,38-264,90,5,2,3,60.0,1.2,6,12,50.0,27,4,40.7,36.0,3,33.3,30.7,3,0,0.0,1,21.0
0e9919a5,"Sunday June 13, 2021",21:00,Ukraine ,a,Heorhiy Bushchan,27-013,90,7,3,4,57.1,1.5,6,11,54.5,20,4,35.0,33.4,9,44.4,36.8,9,0,0.0,0,9.2
107fd412,"Monday June 14, 2021",21:00,Spain,h,Unai Simón,24-003,90,0,0,0,,0.0,1,1,100.0,20,3,0.0,19.8,3,33.3,26.3,2,1,50.0,4,23.1
107fd412,"Monday June 14, 2021",21:00,Sweden ,a,Robin Olsen,31-157,90,5,0,5,100.0,1.1,5,30,16.7,20,0,95.0,63.1,11,100.0,69.2,17,0,0.0,0,14.4
14874531,"Saturday June 19, 2021",21:00,Spain,h,Unai Simón,24-008,90,2,1,1,50.0,0.9,4,6,66.7,21,5,23.8,30.3,4,25.0,25.3,5,0,0.0,1,18.2
14874531,"Saturday June 19, 2021",21:00,Poland ,a,Wojciech Szczęsny,31-062,90,5,1,4,80.0,1.7,12,30,40.0,26,2,96.2,58.7,6,83.3,58.7,17,1,5.9,0,12.6
18c4e831,"Friday July 2, 2021",19:00,Switzerland,h,Yann Sommer,32-197,120,11,1,11,90.9,3.0,19,40,47.5,48,3,66.7,46.7,10,80.0,52.8,16,1,6.3,0,8.0
18c4e831,"Friday July 2, 2021",19:00,Spain ,a,Unai Simón,24-021,120,2,1,1,50.0,2.2,2,2,100.0,37,7,5.4,21.6,7,0.0,19.3,4,0,0.0,5,17.7
1a1e61fe,"Saturday July 3, 2021",20:00,Czech Republic,h,Tomáš Vaclík,32-096,90,7,2,5,71.4,2.1,4,14,28.6,23,6,43.5,36.3,6,66.7,45.2,5,0,0.0,0,12.1
1a1e61fe,"Saturday July 3, 2021",20:00,Denmark ,a,Kasper Schmeichel,34-240,90,5,1,4,80.0,1.8,13,24,54.2,22,4,59.1,46.4,12,91.7,68.5,16,2,12.5,0,13.4
1e930db9,"Friday June 18, 2021",17:00,Croatia,h,Dominik Livaković,26-160,90,0,1,0,,0.9,7,15,46.7,29,6,37.9,36.1,10,40.0,31.7,10,0,0.0,0,10.0
1e930db9,"Friday June 18, 2021",17:00,Czech Republic ,a,Tomáš Vaclík,32-081,90,2,1,1,50.0,0.6,8,24,33.3,35,6,51.4,43.6,8,75.0,52.6,10,3,30.0,0,9.5
20b1972b,"Tuesday June 22, 2021",20:00,Czech Republic,h,Tomáš Vaclík,32-085,90,3,1,1,66.7,1.3,5,10,50.0,21,3,42.9,38.0,2,50.0,47.0,4,0,0.0,0,12.5
20b1972b,"Tuesday June 22, 2021",20:00,England ,a,Jordan Pickford,27-107,90,1,0,1,100.0,0.0,11,24,45.8,37,6,51.4,38.5,8,62.5,52.0,8,1,12.5,0,12.2
25bb1fa2,"Thursday June 17, 2021",18:00,Denmark,h,Kasper Schmeichel,34-224,90,4,2,2,50.0,1.2,8,13,61.5,19,7,57.9,45.4,2,100.0,69.5,4,0,0.0,2,15.4
25bb1fa2,"Thursday June 17, 2021",18:00,Belgium ,a,Thibaut Courtois,29-037,90,5,1,4,80.0,1.7,12,17,70.6,26,8,42.3,37.4,16,37.5,36.3,11,1,9.1,1,13.2
2c48acb2,"Wednesday June 16, 2021",16:00,Finland,h,Lukáš Hrádecký,31-204,90,3,1,2,66.7,1.7,11,20,55.0,25,5,48.0,39.9,16,50.0,43.6,16,0,0.0,1,12.3
2c48acb2,"Wednesday June 16, 2021",16:00,Russia ,a,Matvei Safonov,22-111,90,1,0,1,100.0,0.2,10,16,62.5,19,5,57.9,42.6,7,71.4,48.9,15,0,0.0,1,9.7
2c7de26e,"Monday June 28, 2021",22:00,France,h,Hugo Lloris,34-184,120,4,3,1,25.0,3.0,12,17,70.6,26,7,50.0,39.6,6,66.7,46.0,6,1,16.7,1,16.5
2c7de26e,"Monday June 28, 2021",22:00,Switzerland ,a,Yann Sommer,32-193,120,8,3,5,62.5,3.1,3,8,37.5,18,5,16.7,29.8,17,29.4,34.9,13,0,0.0,0,11.0
35a9c7dc,"Friday July 2, 2021",21:00,Belgium,h,Thibaut Courtois,29-052,90,4,2,2,50.0,1.8,5,12,41.7,27,5,37.0,37.0,6,33.3,25.8,6,0,0.0,0,9.8
35a9c7dc,"Friday July 2, 2021",21:00,Italy ,a,Gianluigi Donnarumma,22-127,90,2,1,2,100.0,2.2,5,10,50.0,24,6,37.5,30.3,2,50.0,46.0,5,2,40.0,1,14.2
415ff832,"Tuesday June 29, 2021",17:00,England,h,Jordan Pickford,27-114,90,3,0,3,100.0,0.4,9,20,45.0,29,4,55.2,44.1,5,80.0,63.4,5,0,0.0,1,14.4
415ff832,"Tuesday June 29, 2021",17:00,Germany ,a,Manuel Neuer,35-094,90,4,2,2,50.0,1.6,7,21,33.3,42,6,47.6,35.7,5,20.0,19.6,7,0,0.0,0,13.3
437cb418,"Sunday June 27, 2021",18:00,Netherlands,h,Maarten Stekelenburg,38-278,90,5,2,3,60.0,2.3,6,32,18.8,40,4,72.5,57.0,4,75.0,55.3,7,2,28.6,0,19.6
437cb418,"Sunday June 27, 2021",18:00,Czech Republic ,a,Tomáš Vaclík,32-090,90,0,0,0,,0.0,5,19,26.3,26,4,53.8,44.1,6,83.3,59.7,8,0,0.0,0,11.9
5a7e53d8,"Wednesday June 23, 2021",21:00,Portugal,h,Rui Patrício,33-128,90,4,2,2,75.0,2.7,1,5,20.0,24,4,20.8,27.1,7,0.0,22.3,5,0,0.0,0,11.5
5a7e53d8,"Wednesday June 23, 2021",21:00,France ,a,Hugo Lloris,34-179,90,3,2,3,100.0,1.7,3,5,60.0,15,4,26.7,30.3,8,12.5,16.8,7,0,0.0,1,19.0
6599f4ab,"Monday June 14, 2021",14:00,Scotland,h,David Marshall,36-101,90,7,2,5,71.4,1.4,8,26,30.8,39,7,46.2,42.6,9,88.9,61.2,9,1,11.1,5,22.6
6599f4ab,"Monday June 14, 2021",14:00,Czech Republic ,a,Tomáš Vaclík,32-077,90,4,0,4,100.0,1.4,5,21,23.8,19,1,78.9,59.1,6,100.0,69.8,15,0,0.0,1,15.3
764c27dc,"Sunday June 13, 2021",14:00,England,h,Jordan Pickford,27-098,90,1,0,1,100.0,0.0,4,19,21.1,33,5,42.4,42.1,8,62.5,54.0,10,0,0.0,0,10.1
764c27dc,"Sunday June 13, 2021",14:00,Croatia ,a,Dominik Livaković,26-155,90,2,1,1,50.0,0.5,5,13,38.5,19,2,47.4,39.5,10,40.0,37.6,2,0,0.0,0,19.0
799efcfc,"Monday June 28, 2021",18:00,Croatia,h,Dominik Livaković,26-170,120,10,5,5,50.0,4.6,11,24,45.8,34,10,55.9,40.5,8,62.5,54.3,20,0,0.0,0,12.2
799efcfc,"Monday June 28, 2021",18:00,Spain ,a,Unai Simón,24-017,120,6,3,4,50.0,2.4,10,16,62.5,49,8,28.6,28.4,5,40.0,34.6,6,2,33.3,1,16.8
7b46b857,"Wednesday June 23, 2021",18:00,Slovakia,h,Martin Dúbravka,32-159,90,8,5,5,37.5,4.4,8,20,40.0,31,10,45.2,40.0,9,66.7,54.1,6,2,33.3,0,10.8
7b46b857,"Wednesday June 23, 2021",18:00,Spain ,a,Unai Simón,24-012,90,0,0,0,,0.0,3,3,100.0,19,4,15.8,22.9,2,0.0,13.5,0,0,,2,19.3
7ed46abd,"Monday June 21, 2021",19:00,Ukraine,h,Heorhiy Bushchan,27-021,90,4,1,3,75.0,1.1,7,14,50.0,25,7,40.0,40.0,11,36.4,37.6,7,0,0.0,1,15.2
7ed46abd,"Monday June 21, 2021",19:00,Austria ,a,Daniel Bachmann,26-347,90,1,0,1,100.0,0.7,8,13,61.5,24,2,41.7,33.2,5,60.0,43.2,12,0,0.0,0,16.2
841065f5,"Monday June 21, 2021",18:00,North Macedonia,h,Stole Dimitrievski,27-178,90,7,3,4,57.1,3.4,8,13,61.5,24,5,41.7,40.7,9,33.3,36.2,4,2,50.0,2,14.8
841065f5,"Monday June 21, 2021",18:00,Netherlands ,a,Maarten Stekelenburg,38-272,90,1,0,1,100.0,0.1,5,5,100.0,15,1,0.0,20.0,10,50.0,46.8,9,0,0.0,1,20.3
8589d5c5,"Saturday July 3, 2021",21:00,Ukraine,h,Heorhiy Bushchan,27-033,90,6,4,2,33.3,2.2,1,5,20.0,13,1,30.8,33.6,5,20.0,30.0,5,0,0.0,0,11.5
8589d5c5,"Saturday July 3, 2021",21:00,England ,a,Jordan Pickford,27-118,90,2,0,2,100.0,0.1,4,10,40.0,19,2,47.4,38.1,2,50.0,39.0,2,0,0.0,2,23.8
95a9ebd1,"Friday June 11, 2021",21:00,Turkey,h,Uğurcan Çakır,25-067,90,8,3,6,62.5,2.0,11,29,37.9,34,6,61.8,47.8,11,72.7,62.0,10,1,10.0,1,14.9
95a9ebd1,"Friday June 11, 2021",21:00,Italy ,a,Gianluigi Donnarumma,22-106,90,0,0,0,,0.0,3,4,75.0,26,7,15.4,25.5,1,0.0,18.0,4,1,25.0,2,17.5
95d34c87,"Tuesday June 15, 2021",21:00,France,h,Hugo Lloris,34-171,90,1,0,1,100.0,0.0,13,26,50.0,23,5,69.6,47.5,12,83.3,55.3,18,1,5.6,0,8.0
95d34c87,"Tuesday June 15, 2021",21:00,Germany ,a,Manuel Neuer,35-080,90,1,1,1,0.0,0.0,8,11,72.7,30,5,36.7,33.6,2,0.0,24.5,2,0,0.0,0,17.5
988198ba,"Saturday June 19, 2021",15:00,Hungary,h,Péter Gulácsi,31-044,90,4,1,3,75.0,0.8,1,7,14.3,31,6,16.1,24.6,13,15.4,18.9,12,1,8.3,0,9.0
988198ba,"Saturday June 19, 2021",15:00,France ,a,Hugo Lloris,34-175,90,3,1,2,66.7,0.4,4,4,100.0,15,4,26.7,33.7,3,0.0,12.7,3,0,0.0,1,19.3
a4888546,"Wednesday June 23, 2021",21:00,Germany,h,Manuel Neuer,35-088,90,3,2,1,33.3,1.3,4,6,66.7,27,5,18.5,28.0,3,33.3,27.0,3,0,0.0,0,9.4
a4888546,"Wednesday June 23, 2021",21:00,Hungary ,a,Péter Gulácsi,31-048,90,6,2,4,66.7,2.1,5,14,35.7,21,3,47.6,41.4,7,57.1,38.6,15,1,6.7,0,10.0
ad36a434,"Sunday June 27, 2021",21:00,Belgium,h,Thibaut Courtois,29-047,90,4,0,4,100.0,0.9,6,16,37.5,28,11,28.6,32.5,12,66.7,50.5,14,0,0.0,0,11.1
ad36a434,"Sunday June 27, 2021",21:00,Portugal ,a,Rui Patrício,33-132,90,1,1,0,0.0,0.0,1,6,16.7,17,3,23.5,27.9,5,40.0,32.4,3,0,0.0,1,15.3
b47a0ea6,"Sunday June 13, 2021",19:00,Austria,h,Daniel Bachmann,26-339,90,2,1,1,50.0,0.3,8,18,44.4,30,3,50.0,39.4,4,75.0,55.0,3,0,0.0,0,15.2
b47a0ea6,"Sunday June 13, 2021",19:00,North Macedonia ,a,Stole Dimitrievski,27-170,90,6,3,3,50.0,2.6,8,20,40.0,24,4,54.2,42.3,7,100.0,68.3,12,2,16.7,0,12.5
b5659aa3,"Saturday June 26, 2021",18:00,Wales,h,Danny Ward,28-004,90,8,4,4,50.0,3.5,3,11,27.3,14,2,64.3,49.5,7,28.6,34.1,14,0,0.0,1,25.0
b5659aa3,"Saturday June 26, 2021",18:00,Denmark ,a,Kasper Schmeichel,34-233,90,1,0,1,100.0,0.0,10,17,58.8,19,2,68.4,47.8,4,100.0,76.5,12,0,0.0,0,11.7
b756c626,"Sunday June 20, 2021",18:00,Italy,h,Gianluigi Donnarumma,22-115,88,1,0,1,100.0,0.0,4,4,100.0,17,3,23.5,23.9,4,0.0,18.8,3,0,0.0,0,11.5
b756c626,"Sunday June 20, 2021",18:00,Italy,h,Salvatore Sirigu,34-159,2,0,0,0,,0.0,0,0,,1,0,0.0,21.0,0,,,0,0,,0,
b756c626,"Sunday June 20, 2021",18:00,Wales ,a,Danny Ward,27-363,90,7,1,6,85.7,1.7,11,29,37.9,35,9,60.0,47.9,12,66.7,53.0,10,0,0.0,0,9.6
ba500d70,"Tuesday June 15, 2021",18:00,Hungary,h,Péter Gulácsi,31-040,90,6,3,4,66.7,2.6,6,10,60.0,20,2,45.0,36.9,10,10.0,23.7,13,0,0.0,0,9.6
ba500d70,"Tuesday June 15, 2021",18:00,Portugal ,a,Rui Patrício,33-120,90,3,0,3,100.0,0.0,1,3,33.3,20,9,10.0,25.1,4,25.0,29.8,4,1,25.0,1,23.9
bd35edec,"Monday June 21, 2021",22:00,Finland,h,Lukáš Hrádecký,31-209,90,7,2,6,71.4,1.3,4,21,19.0,29,5,62.1,52.3,6,50.0,43.5,8,0,0.0,0,8.5
bd35edec,"Monday June 21, 2021",22:00,Belgium ,a,Thibaut Courtois,29-041,90,1,0,1,100.0,0.2,4,5,80.0,15,3,33.3,35.5,1,0.0,11.0,3,0,0.0,0,17.3
c2b13049,"Saturday June 26, 2021",20:00,Italy,h,Gianluigi Donnarumma,22-121,120,3,1,2,66.7,1.1,5,11,45.5,33,4,24.2,31.1,8,37.5,37.4,9,1,11.1,0,10.8
c2b13049,"Saturday June 26, 2021",20:00,Austria ,a,Daniel Bachmann,26-352,120,6,2,4,66.7,0.8,9,21,42.9,43,11,44.2,37.0,13,15.4,19.9,6,0,0.0,0,13.2
c3c2ffa2,"Saturday June 12, 2021",18:00,Denmark,h,Kasper Schmeichel,34-219,90,1,1,0,0.0,0.6,5,7,71.4,10,1,60.0,47.6,1,100.0,63.0,5,0,0.0,1,25.0
c3c2ffa2,"Saturday June 12, 2021",18:00,Finland ,a,Lukáš Hrádecký,31-200,90,5,0,5,100.0,1.4,9,27,33.3,33,3,69.7,48.6,6,66.7,48.3,15,1,6.7,0,9.7
c6533f76,"Friday June 18, 2021",14:00,Sweden,h,Robin Olsen,31-161,90,0,0,0,,0.0,4,17,23.5,20,2,55.0,42.3,8,75.0,58.8,10,1,10.0,1,21.5
c6533f76,"Friday June 18, 2021",14:00,Slovakia ,a,Martin Dúbravka,32-154,90,3,1,3,100.0,1.2,4,11,36.4,32,1,31.3,33.3,4,25.0,27.5,9,0,0.0,2,27.8
caa84313,"Wednesday June 16, 2021",21:00,Italy,h,Gianluigi Donnarumma,22-111,90,1,0,1,100.0,0.8,6,18,33.3,42,5,38.1,32.6,4,50.0,32.8,6,0,0.0,1,12.4
caa84313,"Wednesday June 16, 2021",21:00,Switzerland ,a,Yann Sommer,32-181,90,3,3,0,0.0,1.5,10,12,83.3,22,1,31.8,30.5,8,62.5,41.6,4,0,0.0,0,8.0
d35ad7a8,"Monday June 14, 2021",17:00,Poland,h,Wojciech Szczęsny,31-057,90,2,2,1,0.0,0.4,2,4,50.0,10,2,30.0,31.7,6,16.7,28.5,1,0,0.0,1,19.0
d35ad7a8,"Monday June 14, 2021",17:00,Slovakia ,a,Martin Dúbravka,32-150,90,4,1,3,75.0,1.3,6,22,27.3,29,2,41.4,34.6,15,66.7,54.2,20,3,15.0,0,
d9eaa85c,"Saturday June 12, 2021",17:00,Wales,h,Danny Ward,27-355,90,4,1,3,75.0,1.6,8,13,61.5,18,4,50.0,44.2,9,44.4,44.2,12,3,25.0,0,15.5
d9eaa85c,"Saturday June 12, 2021",17:00,Switzerland ,a,Yann Sommer,32-177,90,2,1,1,50.0,0.9,1,7,14.3,21,4,14.3,26.2,8,50.0,37.5,11,2,18.2,1,15.8
e07bc7d3,"Tuesday June 29, 2021",20:00,Sweden,h,Robin Olsen,31-172,120,4,2,2,50.0,1.0,2,9,22.2,26,6,19.2,30.3,8,50.0,42.8,10,0,0.0,2,25.2
e07bc7d3,"Tuesday June 29, 2021",20:00,Ukraine ,a,Heorhiy Bushchan,27-029,120,3,1,2,66.7,0.4,7,19,36.8,29,7,58.6,44.2,7,28.6,37.1,7,2,28.6,0,9.2
e0eed6e8,"Thursday June 17, 2021",16:00,Ukraine,h,Heorhiy Bushchan,27-017,90,4,1,2,75.0,1.6,3,12,25.0,18,3,38.9,40.9,8,62.5,56.3,5,0,0.0,0,13.0
e0eed6e8,"Thursday June 17, 2021",16:00,North Macedonia ,a,Stole Dimitrievski,27-174,90,8,2,6,75.0,3.8,8,15,53.3,27,5,44.4,41.8,7,42.9,35.4,0,0,,1,12.5
e33c4403,"Saturday June 19, 2021",18:00,Portugal,h,Rui Patrício,33-124,90,7,4,5,42.9,2.3,4,11,36.4,18,3,55.6,40.3,7,14.3,19.1,7,0,0.0,0,7.7
e33c4403,"Saturday June 19, 2021",18:00,Germany ,a,Manuel Neuer,35-084,90,2,2,0,0.0,1.9,7,9,77.8,28,3,28.6,28.9,4,25.0,27.0,7,0,0.0,0,16.8
e594174b,"Saturday June 12, 2021",22:00,Belgium,h,Thibaut Courtois,29-032,90,1,0,1,100.0,0.1,3,8,37.5,32,5,25.0,29.2,8,0.0,19.5,8,0,0.0,1,19.4
e594174b,"Saturday June 12, 2021",22:00,Russia ,a,Anton Shunin,34-136,90,4,3,1,25.0,1.8,7,19,36.8,22,2,68.2,47.0,6,66.7,52.0,4,0,0.0,0,10.0
ee6087f4,"Wednesday June 23, 2021",17:00,Sweden,h,Robin Olsen,31-166,90,6,2,4,66.7,1.9,6,29,20.7,20,2,90.0,67.0,11,100.0,72.8,26,2,7.7,1,12.2
ee6087f4,"Wednesday June 23, 2021",17:00,Poland ,a,Wojciech Szczęsny,31-066,90,4,3,1,25.0,1.9,3,10,30.0,14,3,42.9,39.4,4,100.0,64.0,6,0,0.0,1,21.2
f09b64db,"Wednesday June 16, 2021",20:00,Turkey,h,Uğurcan Çakır,25-072,90,7,2,5,71.4,2.6,5,10,50.0,18,7,22.2,28.9,14,42.9,41.9,8,1,12.5,0,11.5
f09b64db,"Wednesday June 16, 2021",20:00,Wales ,a,Danny Ward,27-359,90,5,0,5,100.0,0.5,9,23,39.1,20,2,75.0,60.7,10,80.0,59.6,13,0,0.0,0,7.0
f3d39a29,"Thursday June 17, 2021",21:00,Netherlands,h,Maarten Stekelenburg,38-268,90,1,0,1,100.0,0.3,12,26,46.2,33,5,57.6,45.8,9,77.8,58.9,6,0,0.0,0,11.0
f3d39a29,"Thursday June 17, 2021",21:00,Austria ,a,Daniel Bachmann,26-343,90,2,2,1,50.0,1.9,4,9,44.4,26,4,34.6,33.0,8,0.0,27.3,2,1,50.0,1,17.0
fa85a731,"Sunday June 20, 2021",20:00,Switzerland,h,Yann Sommer,32-185,90,6,1,5,83.3,1.4,6,10,60.0,15,5,33.3,32.1,10,50.0,34.4,6,0,0.0,0,10.7
fa85a731,"Sunday June 20, 2021",20:00,Turkey ,a,Uğurcan Çakır,25-076,90,10,3,7,70.0,2.6,6,14,42.9,18,7,55.6,47.3,8,50.0,45.1,9,1,11.1,0,5.3
